id,name,image
001,AJ,001.jpg
002,Almond,002.jpg
003,Anthony,003.jpg
004,Aou,004.jpg
005,Arm,005.jpg
006,Ashi,006.jpg
007,Aston,007.jpg
008,Aun,008.jpg
009,Aungpao,009.jpg
010,Barcode,010.jpg
011,Book,011.jpg
012,Boom,012.jpg
013,Boun,013.jpg
014,Bright,014.jpg
015,Captain,015.jpg
016,Chimon,016.jpg
017,Chokun,017.jpg
018,Dew,018.jpg
019,Dunk,019.jpg
020,Earth,020.jpg
021,Est,021.jpg
022,First,022.jpg
023,Fluke Jeeratch,023.jpg
024,Fluke Nattanon,024.jpg
025,Force,025.jpg
026,Ford,026.jpg
027,Fourth,027.jpg
028,Franc Naruth,028.jpg
029,Fu,029.jpg
030,Gawin,030.jpg
031,Gemini,031.jpg
032,Geno,032.jpg
033,Great,033.jpg
034,Guitar,034.jpg
035,Gun,035.jpg
036,Hong,036.jpg
037,Indy,037.jpg
038,Ing,038.jpg
039,Inn,039.jpg
040,Jackie,040.jpg
041,Java,041.jpg
042,Jimmy,042.jpg
043,JJ,043.jpg
044,Joong,044.jpg
045,Joss,045.jpg
046,Junior,046.jpg
047,Juno,047.jpg
048,Kay,048.jpg
049,Keaton,049.jpg
050,Keen,050.jpg
051,Ken,051.jpg
052,Khaokla,052.jpg
053,Khaotung,053.jpg
054,Kin,054.jpg
055,Krist,055.jpg
056,Krit,056.jpg
057,Lego,057.jpg
058,Leng,058.jpg
059,Leo,059.jpg
060,Lighty,060.jpg
061,Louis,061.jpg
062,Luke,062.jpg
063,Mac,063.jpg
064,Marc,064.jpg
065,Mark Jiruntanin,065.jpg
066,Mark Pakin,066.jpg
067,Mick,067.jpg
068,Mix,068.jpg
069,Mond,069.jpg
070,Nani,070.jpg
071,Nanon,071.jpg
072,Neo,072.jpg
073,New,073.jpg
074,Nick,074.jpg
075,Nut,075.jpg
076,Off,076.jpg
077,Ohm Pawat,077.jpg
078,Ohm Thipakorn,078.jpg
079,Ohm Thitiwat,079.jpg
080,Papang,080.jpg
081,Paul,081.jpg
082,Perth,082.jpg
083,Phuwin,083.jpg
084,Ping,084.jpg
085,Pod,085.jpg
086,Pompam,086.jpg
087,Pond,087.jpg
088,Poon,088.jpg
089,Prem,089.jpg
090,Progress,090.jpg
091,Prom Kridchayaan,091.jpg
092,Prom Theepakorn,092.jpg
093,Pun,093.jpg
094,Ryu,094.jpg
095,Santa,095.jpg
096,Satang,096.jpg
097,Save,097.jpg
098,Sea Dechchart,098.jpg
099,Sea Tawinan,099.jpg
100,Sing,100.jpg
101,Singto,101.jpg
102,Sky,102.jpg
103,Soodyacht,103.jpg
104,Stamp,104.jpg
105,Surf,105.jpg
106,Taas,106.jpg
107,Tata,107.jpg
108,Tay,108.jpg
109,Tee,109.jpg
110,Teshow,110.jpg
111,Tham,111.jpg
112,Third,112.jpg
113,Thor,113.jpg
114,Titan,114.jpg
115,Title,115.jpg
116,Tor,116.jpg
117,Tui,117.jpg
118,Tytan,118.jpg
119,William,119.jpg
120,Win,120.jpg
121,Winny,121.jpg
